热搜排名,热搜标题,实时搜索量
1,3名本科生不存在违规操作,1594531
2,王楚钦vs林昀儒,1092230
3,今年国之重器的目标看热血了,1039431
4,姚晨闷声干大事,995897
5,男主死追女主装死,993518
6,医生称DeepSeek有三甲医院专家水平,829176
7,终于有部剧还原了我的高清童年,462531
8,我妈不情愿照护爷爷奶奶的那些年,436920
9,AG轮换公告,434896
10,女孩逃票进景区后坠亡景区被判无责,418104
11,马斯克称泽连斯基已被开除,409676
12,胡静老公跪在地上帮她拍照,407365
13,黄杨钿甜艺考照,400563
14,国能置业再回应拟录用名单质疑,389498
15,王楚钦4比2胜林昀儒,381763
16,一家四口有8个群,359383
17,老人花2万多买床垫拆开主材是泡沫,354963
18,哪吒3催更到联合国了,323688
19,留几手解释为什么自称知名艺人,302290
20,孙颖莎也嫌黄色衣服晃眼,301360
21,过安检时肖战仰了仰头,296038
22,新加坡一航班因故障返航旅客发声,270910
23,胖东来决定来郑州开店,231131
24,难哄12集口碑,210056
25,王曼昱给球迷送香蕉,207828
26,特朗普说要把给乌克兰的钱要回来,201719
27,00后花2万相亲匹配到近40岁男子,200638
28,为什么天气还这么冷,200552
29,赫丽摸金宇真的开推了,190682
30,章若楠新剧真梦游vs假梦游,190514
31,轩染受伤,189921
32,看似单向暗恋实际双向奔赴,187001
33,女生患乳腺癌后称要重视月经异常,184445
34,哪吒2票房136亿,180291
35,杨迪在机场等粉丝上厕所,172242
36,哪吒票房,163407
37,王楚钦11比9扳平,162547
38,刘晓庆录完一路繁花要拍十部短剧,156678
39,朴成训 阿迪达斯,155824
40,男子独自登山失联8天后遗体被找到,151258
41,年轻人为什么对大牌美妆祛魅了,150472
42,蒯曼vs王曼昱,146367
43,网传西安一航班因发动机起火返航,143324
44,黄明昊演唱会圈内人缘,142042
45,难哄,139410
46,王曼昱说决赛全力以赴拼莎莎,134383
47,开始推理吧,132507
48,舒淇恭喜姚晨,126016
49,湖北一地明确生三孩奖励3万,120841
50,梁靖崑4比3林诗栋,116591
